Stock,Producto y Descripción,Marca,Categorias,Precio,Precio Mayoreo,Stock mayoreo,Subclase
3,Cuaderno. Francés cocido.,C14,Oficina y escolares,35,,,Cuadernos
3,Cuaderno. Francés cocido. Raya,,Oficina y escolares,35,,,Cuadernos
4,Cuaderno. Francés cocido.,C7,Oficina y escolares,35,,,Cuadernos
6,Cuaderno. Francés cocido. Dibujo.,,Oficina y escolares,35,,,Cuadernos
4,Cuaderno. Francés cocido. Doble raya,,Oficina y escolares,35,,,Cuadernos
7,Cuaderno. Italiano.,C7,Oficina y escolares,30,,,Cuadernos
5,Cuaderno. Italiano.,C5,Oficina y escolares,30,,,Cuadernos
4,Cuaderno. Italiano. Dibujo,,Arte y manualidades,30,,,Cuadernos
5,Cuaderno. Italiano. Cocido. Doble Raya,,Oficina y escolares,35,,,Cuadernos
5,Cuaderno. Italiano. Cocido.,C14,Oficina y escolares,35,,,Cuadernos
6,Cuaderno. Italiano. Cocido.,C5,Oficina y escolares,35,,,Cuadernos
1,Cuaderno. Italiano. Cocido.,C7,Oficina y escolares,35,,,Cuadernos
6,Cuaderno. Italiano. Cocido. Dibujo,,Arte y manualidades,35,,,Cuadernos
8,Cuaderno. Italiano. Cocido. Raya,,Oficina y escolares,35,,,Cuadernos
19,Cuaderno. Italiano. Engrapado.,C5,Oficina y escolares,,,,Cuadernos
8,Cuaderno. Italiano. Engrapado. Raya,,Oficina y escolares,,,,Cuadernos
28,Cuaderno. Italiano. Engrapado. Dibujo,,Oficina y escolares,,,,Cuadernos
9,Cuaderno.Doble espiral.. Francés. Raya,,Oficina y escolares,72,,,Cuadernos
12,Cuaderno. Doble espiral. Francés. C 5,,Oficina y escolares,72,,,Cuadernos
7,Cuaderno. Doble espiral. Francés.,C7,Oficina y escolares,72,,,Cuadernos
19,Cuaderno. Francés. Raya,,Oficina y escolares,30,,,Cuadernos
9,Cuaderno. Francés.,C7,Oficina y escolares,30,,,Cuadernos
8,Cuaderno. Francés.,C5,Oficina y escolares,30,,,Cuadernos
4,Cuaderno. Francés. Dibujo,,Arte y manualidades,30,,,Cuadernos
3,Cuaderno. Francés. Doble Raya,,Oficina y escolares,30,,,Cuadernos
16,Cuaderno. Profesional. Dibujo,,Arte y manualidades,30,,,Cuadernos
3,Cuaderno. Profesional.,C5,Oficina y escolares,30,,,Cuadernos
9,Cuaderno. Profesional. Raya,,Oficina y escolares,30,,,Cuadernos
28,Cuaderno. Profesional. Doble Raya,,Oficina y escolares,30,,,Cuadernos
11,Cuaderno. Profesional.,C7,Oficina y escolares,30,,,Cuadernos
17,Cuaderno. Profesional. Mixto,,Oficina y escolares,30,,,Cuadernos
8,Cuaderno. Profesional. Cocido. Cuadro. Alemán,,Oficina y escolares,52,,,Cuadernos
5,Cuaderno. Profesional. Cocido.,C7,Oficina y escolares,52,,,Cuadernos
8,Cuadern. Profesional. Cocido.,C5,Oficina y escolares,52,,,Cuadernos
15,Silicon frío 30 ml,MAE,Oficina y escolares,10,,,Silicon
16,Silicon frío 60 ml,MAE,Oficina y escolares,15,,,Silicon
8,Silicon frío 100ml,MAE,Oficina y escolares,25,,,Silicon
5,Silicon frío 30 ml,PELIKAN,Oficina y escolares,12,,,Silicon
16,Pegamento liquido 30g,FIX-UP,Oficina y escolares,8,,,Pegamento
8,Pegamento liquido 60g,PEGAS,Oficina y escolares,15,,,Pegamento
4,Pegamento liquido 125g,PEGAS,Oficina y escolares,29,,,Pegamento
5,Pegamento liquido 250g,PEGAS,Oficina y escolares,39,,,Pegamento
7,Pegamento liquido 35g RESISTOL 850,,Oficina y escolares,,,,Pegamento
9,pegamento liquido 55g RESISTOL 850,,Oficina y escolares,,,,Pegamento
13,LápIz adhesivo 11 g,PRITT,Oficina y escolares,20,,,Lápices
19,Lápiz adhesivo 11g,BULLY,Oficina y escolares,13,,,Lápices
3,Lápiz adhesivo 22g,PRITT,Oficina y escolares,39,,,Lápices
1,Lápiz adhesivo 21g,BACO,Oficina y escolares,24,,,Lápices
9,Lápiz adhesivo 21g,DIXON,Oficina y escolares,24,,,Lápices
70,Lápiz adhesivo 22g,BULLY,Oficina y escolares,24,,,Lápices
67,Lápiz adhesivo 36g,TOP,Oficina y escolares,39,,,Lápices
19,Lápiz adhesivo 8g,TOP,Oficina y escolares,12,,,Lápices
4,Carpeta. Classic T/Carta Negro.,AZOR,Oficina y escolares,85,,,Carpetas
31,Marcador Permanente EK-109. Negro.,ARTLINE,Oficina y escolares,25,,,Marcadores
12,Marcador Permanente EK-109 Rojo.,ARTLINE,Oficina y escolares,25,,,Marcadores
24,Marcador Permanente EK-109 Azul.,ARTLINE,Oficina y escolares,25,,,Marcadores
12,Boligrafo A4P-12. 4 Colores.,ARTLINE,Oficina y escolares,25,,,Plumas
3,Tinta GIRAPLICA 01718. Negro.,PELIKAN,Oficina y escolares,48,,,Tinta
3,Tinta GIRAPLICA 01695. Azul.,PELIKAN,Oficina y escolares,48,,,Tinta
10,Coutter 5025. Corty Grande.,AZOR,Oficina y escolares,20,,,Cuter
80,Borrador. M-40.,PELIKAN,Oficina y escolares,4,,,Borradores
2,Engrapadora. Metal. EMM-5. Media tira.,MAE,Oficina y escolares,79,,,Engrapadoras
2,Engrapadora. Metal. EMT-10. Tira Completa.,MAE,Oficina y escolares,120,,,Engrapadoras
5,Boligrafo Kilometrico C/10.,NEWELL,Oficina y escolares,69,,,Plumas
47,Boligrafo Kilometrico 100 P/M. Magenta.,NEWELL,Oficina y escolares,6,,,Plumas
45,Boligrafo Kilometrico 100 P/M. Morado.,NEWELL,Oficina y escolares,6,,,Plumas
12,Boligrafo. A INK. Gel APG-A. Azul.,ARTLINE,Oficina y escolares,14,,,Plumas
12,Boligrafo. A INK. Gel APG-N. Negro.,ARTLINE,Oficina y escolares,14,,,Plumas
12,Boligrafo. A INK. Gel APG-R. Rojo.,ARTLINE,Oficina y escolares,14,,,Plumas
100,Papel Imprenta 70x95,ALBE,Oficina y escolares,3,,,Papel
25,Tabla Periodica 123 .Grande. C/UV.,PADI,Oficina y escolares,8,,,Tabla preiodica
5,Cojin Plastico. S/Tinta #0,PELIKAN,Oficina y escolares,32,,,Cojin para tita
10,Repuesto 557 P/Carpeta. T/C. 100 H. C/R.,ESTRELLA,Oficina y escolares,48,,,Carpetas
10,Repuesto 562 P/Carpeta. T/C. 100 H. C5.,ESTRELLA,Oficina y escolares,48,,,Carpetas
1,Marcador Awa-B P/Vidrio blanco.,ARTLINE,Oficina y escolares,75,,,Marcadores
1,Marcador Awa-VE P/Vidrio verde.,ARTLINE,Oficina y escolares,75,,,Marcadores
1,Marcador Awa-RS P/Vidrio rosa.,ARTLINE,Oficina y escolares,75,,,Marcadores
1,Marcador Awa-N P/Vidrio negro.,ARTLINE,Oficina y escolares,75,,,Marcadores
1,Marcador Awa-NA P/Vidrio naranje.,ARTLINE,Oficina y escolares,75,,,Marcadores
15,Marcador Esterbrook Negro.,SHARPIE,Oficina y escolares,40,,,Marcadores
34,Marcador Esterbrook Azul.,SHARPIE,Oficina y escolares,40,,,Marcadores
13,Marcador Esterbrook Rojo.,SHARPIE,Oficina y escolares,40,,,Marcadores
40,Borrador KE20. Negro.,KORES,Oficina y escolares,8,,,Borradores
6,Cinta 179 Canela. 48mm x50 m.,TUK,Oficina y escolares,30,,,Cintas
1,Silueta EA0010. Euromac. Negro. C/25 MT.,EURO,Oficina y escolares,$10 x Mtr.,,,Papel
10,Terciopelo Rojo,RAYTER,Oficina y escolares,15,,,Terciopelo
10,Terciopelo Negro.,RAYTER,Oficina y escolares,15,,,Tercipelo
10,Marcador Aqua-INK. Negro.,A-INK,Oficina y escolares,10,,,Marcadores
12,Marcador Aqua-INK.Rojo.,A-INK,Oficina y escolares,10,,,Marcadores
12,Marcador Aqua-INK.Naranja.,A-INK,Oficina y escolares,10,,,Marcadores
12,Marcador Aqua-INK. Morado.,A-INK,Oficina y escolares,10,,,Marcadores
12,Marcador Aqua-INK. Celeste.,A-INK,Oficina y escolares,10,,,Marcadores
24,Marcador de Cera. Mirado. Blanco.,NEWELL,Oficina y escolares,20,,,Marcadores
6,Lápiz Mirado. Kids. Entrenador.,NEWELL,Oficina y escolares,18,,,Lápices
24,Lápiz 36494. MY FIRST. TRICONDEROGA.,DIXON,Oficina y escolares,15,,,Lápices
10,Pintura 2310 Vinci Cart. Negro Bujia. #73.,DIXON,Arte y manualidades,15,,,Pintura
10,Pintura 2314 Vinci Cart. Rojo. #54A.,DIXON,Arte y manualidades,15,,,Pintura
10,Pintura 2300 Vinci Cart. Amarillo Limon. #50.,DIXON,Arte y manualidades,15,,,Pintura
25,Cascaron de Huevo 1/8. 35x28,DS,Oficina y escolares,8,,,Cascaron de huevo
15,Cascaron de Huevo 1/2 71x56.,DS,Oficina y escolares,28,,,Cascaron de huevo
10,Cascaron de Huevo Entero 71x112 .,DS,Oficina y escolares,55,,,Cascaron de huevo
100,Carta Responsiva.,AFRICA,Oficina y escolares,2,,,Carta Responsiva
25,Cartulina 50x65 Azul,DIEM,Oficina y escolares,6,,,Cartulinas
25,Cartulina 50x 65 Rosa,DIEM,Oficina y escolares,6,,,Cartulinas
25,Cartulina 50x65 Verde,DIEM,Oficina y escolares,6,,,Cartulinas
25,Folder PA1003 T/C Azul,NASSA,Oficina y escolares,5,,,Carpetas
25,Folder PA1003 T/C Rosa,NASSA,Oficina y escolares,5,,,Carpetas
31,Sacapuntas + Borrador.,FABER-CASTELL,Oficina y escolares,15,,,Sacapuntas
29,Sacapuntas de Patineta,,Oficina y escolares,6,,,Sacapuntas
34,Sacapuntas Ovalo,,Oficina y escolares,4,,,Sacapuntas
72,Sacapuntas Individual.,LUCELLO,Oficina y escolares,3,,,Sacapuntas
16,Sacapuntas Dual,SHARPENER,Oficina y escolares,9,,,Sacapuntas
26,Sacapuntas. Individual.,SHARPENER,Oficina y escolares,6,,,Sacapuntas
7,Sacapuntas individual Metalico,,Oficina y escolares,7,,,Sacapuntas
11,Sacapuntas Rectangular con Deposito,,Oficina y escolares,12,,,Sacapuntas
141,Corrector Líquido Brocha suave,A-INK,Oficina y escolares,15,,,Correctores
25,Corrector Líquido. Aqua Fluid 20 ml.,PELIKAN,Oficina y escolares,18,,,Correctores
13,Corrector Líquido C/Brocha Aplicadora. 17 ml.,BEROL,Oficina y escolares,18,,,Correctores
1,Corrector Paper-Mate 20ml,Paper-Mate,Oficina y escolares,27,,,Correctores
4,Corrector Líquido Aqua.20ml ,Kores,Oficina y escolares,18,,,Correctores
89,Corrector Líquido-Pluma.8ml. Punta 0.8mm.,A-INK,Oficina y escolares,18,,,Correctores
1,Corrector Líquido-Pluma. 8ml.,BIC,Oficina y escolares,45,,,Correcores
7,Corrector Líquido-Pluma. 7ml.,PELIKAN,Oficina y escolares,33,,,Correctores
2,Corrector Líquido-Pluma. 3.5 ml. Punta 1.0.,ZEBRA,Oficina y escolares,42,,,Correctores
10,Corrector de Cinta.,BAHANG,Oficina y escolares,12,,,Correctores
3,Corrector de Cinta 5mm x 8m. SMART,OFFICE,Oficina y escolares,24,,,Correctores
48,Regla Flexible 30 cm. NEW.,CETVEL,Oficina y escolares,12,,,Reglas
12,Regla Flexible 20cm,,Oficina y escolares,5,,,Reglas
3,Regla Flexible 30 cm.,ALCO,Oficina y escolares,12,,,Reglas
33,Regla 30cm. Transparente.,BACO,Oficina y escolares,7,,,Reglas
10,Regla 60cm. Metalica. ,PRODUCTOS G.G,Oficina y escolares,45,,,Reglas
5,Juego Geometría .Chico. Disney.,NEW,Oficina y escolares,10,,,Figuras Geometricas
3,Regla.30 cm. Metalica,,Oficina y escolares,24,,,Reglas
6,Transportador de 12 cm.,BACO,Oficina y escolares,9,,,Transportador
4,Regla de Madera. Curva Francésa.,ARLY,Oficina y escolares,24,,,Reglas
1,Regla en T.,ROELANTE,Oficina y escolares,,,,Reglas
3,Regla de Madera. Curva de Corte.,ARLY,Oficina y escolares,81,,,Reglas
1,Regla de Madera. Mini L.,ARLY,Oficina y escolares,,,,Reglas
11,Marcatextos de Cera C/6 Colores.,CHÓSCH,Arte y manualidades,45,,,Marcatextos
2,Marcatextos. Mini C/6 Colores,,Arte y manualidades,25,,,Marcatextos
15,Marcatexto. Mini. Punta Pincel.,TRYME,Oficina y escolares,9,,,Marcatextos
24,Plumas de Gel. Negro. Punta 0.8mm.,A-INK,Oficina y escolares,14,,,Plumas
35,Plumas de Gel. Azul. Punta 0.8mm .,A-INK,Oficina y escolares,14,,,Plumas
12,Plumas de Gel. Rojo. Punta 0.8mm.,A-INK,Oficina y escolares,14,,,Plumas
85,Borrador de Balon Futbol.,FABER-CASTELL,Oficina y escolares,12,,,Borradores
10,Pa/12Ppz/136pz Pluma Kilometrica.Verde. 1.0mm.,PAPER-MATE,Oficina y escolares,6,65,,Plumas
11,Paq/145 pz Pluma Kilometrica.Rojo.1.0mm.,PAPER-MATE,Oficina y escolares,6,65,,Plumas
2,Paq/33pza Pluma Kilometrica.Negro.1.01mm.,PAPER-MATE,Oficina y escolares,6,65,,Plumas
2,Paq/40pza Pluma Kilometrica.Azul.1.0mm.,PAPER-MATE,Oficina y escolares,6,65,,Plumas
178,Paquete de Pluma Bic Cristal. Con 12 Plumas. Rojo.1.0mm.,BIC,Oficina y escolares,7,65,13,Plumas
59,Paquete de Pluma Bic Cristal. Negro. 1.0mm.,BIC,Oficina y escolares,7,65,4,Plumas
72,Paquete de Plumas Bic. Con 12 Plumas.Cristal Fashion.Naranja.1.2mm.BIC,BIC,Oficina y escolares,6,65,5,Plumas
2,Paq/31pza.Pluma Bic.Cristal Fashion.Verde.1.2mm.,BIC,Oficina y escolares,6,65,,Plumas
6,paq de Plumones Fiesta Lavable C/12 Colores.,FABER-CASTELL,Arte y manualidades,60,,,Marcadores
5,paq de Plumones Grip Lavable C/12 Colores.,FABER-CASTELL,Arte y manualidades,60,,,Marcadores
5,Estuche de Plumones Fiesta Lavables C/12 Colores.,FABER-CASTELL,Arte y manualidades,69,,,Marcadores
10,paq de Plumones Lavable C/12 Colors.,FABER-CASTELL,Arte y manualidades,49,,,Marcadores
4,paq de Rotuladores. Punta de 0.4mm C/10 Colores.,FABER-CASTELL,Arte y manualidades,110,,,Rotuladores
8,paq de Marcador Grueso Base Agua Punta Redonda 2.3mm C/6 Colores,FABER-CASTELL,Arte y manualidades,100,,,Marcadores
1,paq de Plumones Escolares Base de Agua C/12 Colores,VINCI,Arte y manualidades,66,,,Marcadores
17,Paq de Plumones Fiesta Neon C/6 colores.,FABER-CASTELL,Arte y manualidades,35,,,Marcadores
5,paq. Marcadores Permanentes. Neon. Punta de 1.4mm. C/5 Colores.,FABER-CASTELL,Arte y manualidades,90,,,Marcadores
1,Paq. Marcadores C/6 Colores Pastel. Punta Pincel.,FABER-CASTELL,Arte y manualidades,72,,,Marcadores
1,Paq. Plumones Escolares Lavable. C/6 Colores.,VINCI,Arte y manualidades,36,,,Marcadores
1,Estucde Plumones Fiesta Lavable. C/48 Colores.,FABER-CASTELL,Arte y manualidades,290,,,Marcadores
2,Paq. Marcador Permanente. C/24 Colores Misticos. Punto Fina.,SHARPIE,Arte y manualidades,432,,,Marcadores
2,Paq. Marcador Base Agua. Acuacolor. C/12 Colores. Punta Biselada.,SHARPIE,Arte y manualidades,226,,,Marcadores
3,Cortador Para Foami y Unicel. ,DIDASEL,Oficina y escolares,$,,,Fomi
22,Cutter Grande,CORTY,Oficina y escolares,20,,,Cuter
12,Cutter Chico.,DELTA,Oficina y escolares,5,,,Cuter
6,Tinta Para Sello Giraplica 60ml. Color Negro.,PELIKAN,Arte y manualidades,48,,,Colores
6,Tinta Para Sello Giraplica 60ml. Color Azul.,PELIKAN,Arte y manualidades,48,,,Colores
1,Tinta Para Sello Giraplica 60ml. Color Rojo.,PELIKAN,Arte y manualidades,48,,,Colores
1,Paq. Lapices de Color Acuarela C/12 Colores.,FABER-CASTELL,Arte y manualidades,,,,Colores
4,Paq. Lapices de Color Reales y Brillantes Puntas Fuertes.,CRAYOLA,Arte y manualidades,163,,,Colores
3,Paq.Lapices de Colores KIDS C/24 Colores +2 Lápices Gratis.,BIC,Arte y manualidades,200,,,Colores
26,Paq. Lápices de Colores Cortos Punta Redonda 3.0mm. C/12 Colores Vibrante.,PAPER-MATE,Arte y manualidades,19,,,Colores
34,Paq. Lápices de Colores Cortos. C/12 Colores.,MAPITA,Arte y manualidades,18,,,Colores
2,Paq. Lápices de Colores Punta Gruesa 4 mm.C/24 Colores.,NORMA,Arte y manualidades,199,,,Colores
5,Paq. Portaminas de Colores 14pz/12 Colores + Lápiz y Sacapuntas Gratis.,STRATERS,Arte y manualidades,89,,,Lápices
10,Paq. Lápices de Colores. C/12 Colores Kids +2 Lápices Gratis,BIC,Arte y manualidades,117,,,Colores
17,Paq. Lápices de Colores. C/12 Colores.,FABER-CASTELL,Arte y manualidades,90,,,Colores
7,Paq. Lápice de Colores C/24 Colores.,FABER-CASTELL,Arte y manualidades,190,,,Colores
4,"Paq. Lapices de Colores, C/12 Colores Jumbo + Lápices.",FABER-CASTELL,Arte y manualidades,180,,,Colores
4,Paquete de Lápices de Colores Punta Guresa 4mm. C/12 Colores + Sacapuntas.,NORMA,Arte y manualidades,105,,,Colores
5,Paq. Lápices de Colores. Punta 4mm. C/12 Colores. Evolution.,BIC,Arte y manualidades,117,,,Colores
1,Paquete de Lápices de Colores Doble Punta Junior C/24 Colores. Punta 4.0 mm.,PRISMACOLOR,Arte y manualidades,103,,,Colores
2,Paq. Lápices de Colores Unipunta Junior. C/12 Colores. Punta 4.0 mm.,PRISMACOLOR,Arte y manualidades,125,,,Colores
1,Paq. Lápices de Colores Unipunta Junior C/24 Colores. Punta 4.0 mm.,PRISMACOLOR,Arte y manualidades,240,,,Colores
3,Paq. Lápices de Colores C/24 Colores,MAPITA,Arte y manualidades,81,,,Colores
1,Paq. Lápices de Colores C/12 Colores. Punta Redondo 3.0 mm.,PAPER-MATE,Arte y manualidades,39,,,Colores
2,Paq. Lápices de Colores Doble Punta C/12 Colores. Punta 4.0 mm. Candy POP.,PAPER-MATE,Arte y manualidades,29,,,Colores
4,Paq. Lápices de Colores Fantasy. C/6 Colores doble Punta.Punta 4.0mm.,PAPER-MATE,Arte y manualidades,45,,,Colores
1,Estuche. Lápices de Colores Premier. C/12 Colores.,PRISMACOLOR,Arte y manualidades,370,,,Colores
1,Paq. Lápices de Colores. Black Edition. C/36 Colores.,FABER-CASTELL,Arte y manualidades,350,,,Colores
4,"Paq. Boligrafo. C/10, 3 Azul, 5 Negro, 3 Rojo. Punto grueso 1.2mm.",AZOR,Oficina y escolares,60,,,Plumas
5,Boligrafo Retractil Dr Grip. Color negro. Punta mediana.,PILOT,Oficina y escolares,25,,,Plumas
2,Paq. Rotulador. Colores C/12 Colores. Punta Fina de 0.4mm.,MUJUU,Arte y manualidades,30,,,Colores
3,Plumas de Semi Gel. C/6 Colores. JIA,HAO,Oficina y escolares,30,,,Plumas
1,"Paq. Boligrafos Con Agarre Acolchonado Better Grip. C/3 Color Azul, Negro, Rojo. Punto Mediano.",PILOT,Oficina y escolares,25,,,Plumas
5,Paq. Boligrafo Kilometrico Caneta. C/10 Colores. Punta media 1.0mm.,PAPER-MATE,Oficina y escolares,69,,,Plumas
12,Paq. Portaminas Econ + Minas Con Dosificador. Punta 0.5mm. Goma Giratoria .,FABER-CASTELL,Oficina y escolares,35,,,Borradores
22,Paq. Portaminas Econ + Minas Con Dosificador. Punta 0.7mm. Goma Giratoria .,FABER-CASTELL,Oficina y escolares,35,,,Borradores
6,Lápiz Entrenador.Mirado. Triangular Extra Grueso HB.,PAPER-MATE,Oficina y escolares,16,,,Lápices
12,Lápiz Entrenador. Tricoderoga Triangular.,DIXON,Oficina y escolares,14,,,Lápices
88,Lápiz Triangular. Black´Peps. HB = 2.,MAPED,Oficina y escolares,6,,,Lápices
27,Lápiz,QUIN,Oficina y escolares,$,,,Lápices
18,Boligrafo Retractil. BP-1 RT. Punto Medio. Color Rojo.,PILOT,Oficina y escolares,18,,,Plumas
128,Lápiz France #2/HB.,BIC,Oficina y escolares,6,,,Lápices
61,Lapiz France #2/HB BIC,EVOLUTION,Oficina y escolares,6,,,Lápices
134,Lápiz Mirado.#2 Estampado.,PAPER-MATE,Oficina y escolares,6,,,Lápices
68,Lápiz Mirado #2 HB.,PAPER-MATE,Oficina y escolares,6,,,Lápices
30,Lápiz Mirado #2HB Mina Reforzada.,PAPER-MATE,Oficina y escolares,6,,,Lápices
9,Lápiz Eco 2 = HB.,FABER-CASTELL,Oficina y escolares,6,,,Lápices
22,Pintura Cartel. Color 63 Verde Esmeralda. 25 ml.,VINCI,Arte y manualidades,15,,,Pintura
20,Pintura Cartel. Color 72 Blanco P/ Letreros. 25 ml.,VINCI,Arte y manualidades,15,,,Pintura
11,Pintura Cartel. Color 57A Café. 25 ml.,VINCI,Arte y manualidades,15,,,Pintura
10,Pintura Cartel. Color 54 A Rojo. 25 ml.,VINCI,Arte y manualidades,15,,,Pintura
15,Pintura Cartel. Color 59 Rosa Mexicano. 25 ml.,VINCI,Arte y manualidades,15,,,Pintura
9,Pintura Cartel. Color 51 Amarillo Medio. 25 ml.,VINCI,Arte y manualidades,15,,,Pintura
10,Pintura Cartel. Color 60 Violeta. 25 ml.,VINCI,Arte y manualidades,15,,,Pintura
12,Pintura Cartel. Color 62 Verde Amarillento. 25 ml.,VINCI,Arte y manualidades,15,,,Pintura
11,Pintura Cartel. Color 84 Azul Pastel . 25 ml.,VINCI,Arte y manualidades,15,,,Pintura
7,Pintura Cartel. Color 67 Azul Prusia. 25 ml.,VINCI,Arte y manualidades,15,,,Pintura
12,Pintura Cartel. Color 73 Negro Bujía. 25 ml.,VINCI,Arte y manualidades,15,,,Pintura
11,Pintura Cartel. Color 50 Amarillo Limon. 25 ml.,VINCI,Arte y manualidades,15,,,Pintura
7,Pintura Cartel. Color 70 Plata. 25 ml.,VINCI,Arte y manualidades,15,,,Pintura
7,Pintura Cartel. Color 68 Oro Rico. 25 ml.,VINCI,Arte y manualidades,15,,,Pintura
16,Pintura Cartel. Color 66 Azul ultra Mar. 25 ml.,VINCI,Arte y manualidades,15,,,Pintura
10,Pintura Cartel. Color 63 A Verde Obscuro . 25 ml.,VINCI,Arte y manualidades,15,,,Pintura
11,Pintura Cartel. Color 52 Amarillo Obscuro . 25 ml.,VINCI,Arte y manualidades,15,,,Pintura
3,Pintura Cartel. Color 53 Rojo Naranja . 25 ml.,VINCI,Arte y manualidades,15,,,Pintura
4,Pintura Cartel. Color 65 Azul Turquesa . 25 ml.,VINCI,Arte y manualidades,15,,,Pintura
7,Pintura Cartel. Color 67B Rojo Carne Imit . 25 ml.,VINCI,Arte y manualidades,15,,,Pintura
10,Pintura Facial Color Negro. ,HAPPY HALLOWEEN,Arte y manualidades,30,,,Pintura
5,Pintura Facial Color Blanco ,HAPPY HALLOWEEN,Arte y manualidades,30,,,Pintura
2,Pintura Facial Color Rojo,,Arte y manualidades,30,,,Pintura
17,Sangre Falsa Chica,,Oficina y escolares,7,,,Pintura
1,"Pintura Dacrilar ""Manitas Creativas"" 60 ml. Color Café ",GAMA COLOR,Arte y manualidades,27,,,Pintura
10,"Pintura Dacrilar ""Manitas Creativas"" 60 ml. Color Negro ",GAMA COLOR,Arte y manualidades,27,,,Pintura
6,"Pintura Dacrilar ""Manitas Creativas"" 60 ml. Color Carne ",GAMA COLOR,Arte y manualidades,27,,,Pintura
4,"Pintura Dacrilar ""Manitas Creativas"" 60 ml. Color Rosa ",GAMA COLOR,Arte y manualidades,27,,,Pintura
1,Pintura Vinilica 250 ML Color Verde. ,BOMBIN,Arte y manualidades,30,,,Pintura
18,Bolsa de Confeti de Colores Circular,,Arte y manualidades,17,,,Confeti
33,Paq. Rastrillo Doble Hoja.,LORD´II,Oficina y escolares,30,,,Rastrillo
17,Paq.C/20 Serpentinas de Colores ,FANTASIA,Miselanea y Regalos,12,,,Serpentina
14,Repuesto de Minas C/12 Minas. Punta 1.3 mm HB #2.,PAPER-MATE,Oficina y escolares,21,,,Lápices
77,Estuceh con 12 Minas. HB. Punta 0.7 mm.,FABER-CASTELL,Oficina y escolares,15,,,Lápices
65,Estuche con 12 Minas. HB. Punta 0.5mm.,FABER-CASTELL,Oficina y escolares,15,,,Lápices
12,Tuvo Dispensador de Puntillas HB. 0.5 mm. C/12 Puntillas.,ZEBRA,Oficina y escolares,15,,,Lápices
3,Tuvos Minas de Repuesto. HB. 0.7 mm.C/12 Puntillas AIN,STEIN,Oficina y escolares,15,,,Lápices
1,Estuche C/ 10 puntillas de diferentes colores. 2.00 mm.,ZEBRA,Arte y manualidades,24,,,Lápices
23,Repuesto C/Tinta de Aceite. Punto Fino 0.7mm.,ZEBRA,Oficina y escolares,18,,,Plumas
5,Paq. Repuesto de Borrador Automatico. Refil. C/2 pza.,ELEPHANT,Oficina y escolares,6,,,Borradores
6,Tinta China. C/15ml Color Azul.,PELIKAN,Arte y manualidades,30,,,Tinta
3,Tinta China. C/15ml Color Negro.,,Arte y manualidades,30,,,Tinta
3,Exacto de Aluminio C/2 Navajas de Repuesto.,CELICA,Oficina y escolares,72,,,Corte
2,Calibrador Vernier. 125mm.,PRETUL,Oficina y escolares,90,,,Calibrador
6,Paq. Papel Corrector C/20 Hojas 65 x 32 mm.,KORES,Oficina y escolares,10,,,Correctores
22,Paq. Refuezos Adhesivos Para Hojas de Recopilador C/100 pza.,LESA,Oficina y escolares,12,,,Papel
4,Boligrafo con Estuche. Color Negro.,KPMG,Oficina y escolares,150,,,Plumas
3,Calculadora Electronica,DORAEMON,Oficina y escolares,45,,,Calculadoras
3,Calculadora Electronica. Hello Kitty.,SANRIO,Oficina y escolares,59,,,Calculadoras
1,Calculadora Electronica OS-9169. ,GM TOYS,Oficina y escolares,111,,,Calculadoras
1,Calculadora Electronica OS-9190. ,GM TOYS,Oficina y escolares,111,,,Calculadoras
1,Calculadora Electronica CT-2514. ,GM TOYS,Oficina y escolares,120,,,Calculadoras
3,Mini engrapadora. MEK-26 Grapa Estandasr de 26/6.,MAE,Oficina y escolares,58,,,Engrapadoras
3,Engrapadora de Media Tira. EMM-5.Grapa Estandar 24/6 y 26/6.,MAE,Oficina y escolares,79,,,Engrapadoras
2,"Engapadora de Tira Completa. EMT-10. Grapa Estandar. 24/6 , 26/6.",MAE,Oficina y escolares,120,,,Engrapadoras
10,Lupa de tetha 40 mm.,GLASS,Oficina y escolares,10,,,Lupa
10,Lupa de tetha 60 mm.,GLASS,Oficina y escolares,18,,,Lupa
1,Engrapadora De Largo Alcance. AE-1158. 23/8. Grapa Estandar 24/6 y 26/6.,ALIAMEX,Oficina y escolares,190,,,Engrapadoras
1,Estuche en Forma de Camion C/33 Plumones de Colores con Tapas Ensamblables.,FABER-CASTELL,Arte y manualidades,330,,,Marcadores
1,Estuche Caja Musical. C/25 Plumones de Colores Con Tapa Ensamblables + 10 Clips Ensamblables + 4 Cartas Ballerina P/Colorear + 1 Armable de Ballerina.,FABER-CASTELL,Arte y manualidades,330,,,Marcadores
1,"Pistola Electrica Para Silicon ""1/2"" de Diametro de Barra. SW-815002.",FUMETAX,Arte y manualidades,130,,,Silicon
4,Pistolas de Silicon. Modelo FF-0005.,FETS,Arte y manualidades,49,,,Silicon
12,Velas Led., SMOKELESS CANDLES,Miselanea y Regalos,10,,,Velas
30,Velas Decorativas en Forma De Corazon .,CANDLE,Miselanea y Regalos,5,35,2,Velas
30,Velas Decorativas en Redonda . ,RUVALCABA FANTASIAS Y NOVEDADES,Miselanea y Regalos,5,35,1,Velas
3,Lienzos Para Pintar 20 x 20 cm.,RUVALCABA FANTASIAS Y NOVEDADES,Arte y manualidades,45,,,Pintura
4,"Barras de Plastilina, C/ 200g. Color Amarillo.",POPULAR,Arte y manualidades,15,,,Plastilina
2,Barras de Plastilina. C/200g. Color Gris Claro.,POPULAR,Arte y manualidades,15,,,Plastilina
4,"Barras de Plastilina, C/180g. Color Verde Oscuro.",VINCI,Arte y manualidades,15,,,Plastilina
5,Barra de Plastilina. C/180g. Color Violeta.,VINCI,Arte y manualidades,15,,,Plastilina
4,Barra de Plastilina. C/180g. Color Crema.,SMARTY,Arte y manualidades,15,,,Plastilina
2,Barra de Plastilina. C/180g. Color Rosa Claro.,SMARTY,Arte y manualidades,15,,,Plastilina
5,Barra de Patilina. C/180g. Color Rosa.,VINCI,Arte y manualidades,15,,,Plastilina
1,Barra de Plastilina. C/180g. Color Rojo.,VINCI,Arte y manualidades,15,,,Plastilina
6,Barra de Plastilina. C/180g. Color Naranja.,VINCI,Arte y manualidades,15,,,Plastilina
5,Barra de Plastilina. C/180g. Color Negro.,SMARTY,Arte y manualidades,15,,,Plastilina
4,Barra de Plastilina. C/180g. Color Gris Claro.,SMARTY,Arte y manualidades,15,,,Plastilina
3,Barra de Plastilina.C/180g. Color Café.,SMARTY,Arte y manualidades,15,,,Plastilina
3,Barra de Plastilina. C/180g. Color Blanco.,SMARTY,Arte y manualidades,15,,,Plastilina
2,Caja C/10 Barras de Plastilina de Colores (180g).,SMARTY,Arte y manualidades,21,,,Plastilina
4,Caja C/10 Barras de Plastilina de Colores (165g).,ARCOIRIS,Arte y manualidades,21,,,Plastilina
2,Bote de Plastilina.C/112g. Color Naranja.,PLAY-DOH,Arte y manualidades,33,,,Plastilina
1,Bote de Plastilina. C/112. Color Naranja Claro.,PLAY-DOH,Arte y manualidades,33,,,Plastilina
1,Bote de Plastilina. C/112g. Color Amarillo.,PLAY-DOH,Arte y manualidades,33,,,Plastilina
1,Bote de Plastilina. C/140g. Color Amarillo. Funy Kids.,VINCI,Arte y manualidades,28,,,Plastilina
11,Caja de Crayones Jumbo. C/8pz.,CRAYOLA,Oficina y escolares,51,,,Crayones
1,Caja de Crayones Jumbo. C/24pz.,CRAYOLA,Oficina y escolares,111,,,Crayones
3,Cajas de Crayones. C/12pz.,BACO,Oficina y escolares,16,,,Crayones
4,Caja de Crayones.C/6pz.,BACO,Oficina y escolares,10,,,Crayones
6,Cajas de Crayones Jumbo Grip. C/24 pz + Borrador.,FABER-CASTELL,Oficina y escolares,81,,,Crayones
2,Caja de Crayones Grip. C/24pz.,FABER-CASTELL,Oficina y escolares,69,,,Crayones
2,Bote de Crayones Jumbo. C/28pz.,CRAYOLA,Oficina y escolares,160,,,Crayones
2,Compás de Presición COP-10+ Puntillas + Mini Goma.,MAE,Oficina y escolares,111,,,Compás
9,Pegamento Instantaneo. Goterito. C/3.5g.,KOLA-LOKA,Oficina y escolares,30,,,Pegamento
1,"Paq. Cuadritos Adhesivos Multi Usos. C/35g emobible, Reutilizables.",PRITT,Oficina y escolares,52,,,Cintas
1,Pegamento de Contacto. 5000 Uso General. C/21ml.,RESISTOL,Oficina y escolares,49,,,Pegamento
1,Pegamento de Contacto Multi Usos. C/20g.,RESISTOL,Oficina y escolares,$,,,Pegamento
1,Pegamento de Contacto Multi Usos. C/20g/ml.,UHU,Oficina y escolares,45,,,Pegamento
10,Rollo de Etiqueta Blanca Para Etiquetadora.MOD TF-2498. ZHENG,HAO,Oficina y escolares,13,,,Etiquetas
7,Rollo de Estiqueta Naranja Para Etiquetadora. MOD PL-084. ZHENG,HAO,Oficina y escolares,15,,,Etiquetas
9,Rollo de Etiqueta Naranja Para Etiquetadorda. MOD PL-084. ZHENG,HAO,Oficina y escolares,15,,,Etiquetas
9,Rollo de Etiqueta Rosa Para Etiquetadora. MOD PL-064. ZHENG,HAO,Oficina y escolares,15,,,Etiquetas
2,Rollo de Etiqueta Verde Para Etiquetadora. MOD PL-084. ZHENG,HAO,Oficina y escolares,15,,,Etiquetas
4,Rollo de Etiqueta 21 X 12 mm. Rosa. MAIN,FLEX,Oficina y escolares,30,,,Etiquetas
8,Accesorios Para Compás de Presición C/5pz.,MENDOZA,Oficina y escolares,10,,,Compás
5,Compás Modelo B2313-S + Puntillas. GM,TOYS,Oficina y escolares,33,,,Compás
11,Tijera Escolar Modelo MT-5R.,MAE,Oficina y escolares,17,,,Tijeras
4,Tijera Escolar Zurda Modelo MT-5RL.,MAE,Oficina y escolares,20,,,Tijeras
2,Tijeras de Corte Irregular Zigzag.,ZIGZAG,Oficina y escolares,30,,,Tijeras
2,Tijeras P/ Manualidades. Corte Imperial.,BAZIC,Oficina y escolares,39,,,Tijeras
1,Tijeras P/ Manualidad. Corte Scallop.,BAZIC,Oficina y escolares,39,,,Tijeras
1,Tijeras P/ Manualidad. Corte Large Pinking.,BAZIC,Oficina y escolares,39,,,Tijeras
1,Tijeras P/Manualidad. Corte Majestic.,BAZIC,Oficina y escolares,39,,,Tijeras
107,Borrador de Migajon M40.,PELIKAN,Oficina y escolares,4,,,Borradores
25,Borrador de Migajon M20.,PELIKAN,Oficina y escolares,8,,,Borradores
57,Borrador Dual BR 80.,PELIKAN,Oficina y escolares,4,,,Borradores
28,Borrador Dual RB 4O.,PELIKAN,Oficina y escolares,8,,,Borradores
23,Borrador de Migajon. Migasoft.,MAPED,Oficina y escolares,5,,,Borradores
10,Borrador Libre de PVC.,FABER-CASTELL,Oficina y escolares,3,,,Borradores
12,Marcador Esterbrook Verde.,SHARPIE,Oficina y escolares,40,,,Marcadores
41,Marcador Para Pizarron Blanco. Color Rojo.,MAGISTRAL,Arte y manualidades,27,,,Marcadores
19,Marcador Para Pizarron Blanco. Color Azul.,MAGISTRAL,Arte y manualidades,27,,,Marcadores
11,Marcador Para Pizarron Blanco. Color Negro.,MAGISTRAL,Arte y manualidades,27,,,Marcadores
5,Marcador Permanente Color Rojo.,BAZIC,Arte y manualidades,15,,,Marcadores
2,Marcador Permanente Color Azul.,BAZIC,Arte y manualidades,15,,,Marcadores
3,Marcador Permanente Color Rojo.,FABER-CASTELL,Arte y manualidades,21,,,Marcadores
6,Marcador Para Pizarron Blano. Color Rojo. FABER-,CASTELL,Arte y manualidades,$,,,Marcadores
7,Marcador Para Pizarron Blanco. Color Azul.,FABER-CASTELL,Arte y manualidades,$,,,Marcadores
3,Paq. Marcadores Para Pizarron Blanco C/4 Colores.,FABER-CASTELL,Arte y manualidades,60,,,Marcadores
9,Marcador Para Pizarron Blanco. Color Verde.,FABER-CASTELL,Arte y manualidades,$,,,Marcadores
2,Marcadr Para Pizarron. Color Verde Claro. Punta Bala 2.2mm.,FABER-CASTEL,Arte y manualidades,20,,,Marcadores
5,Marcador Para Pizarron. Color Verde.,EXPO,Arte y manualidades,22,,,Marcadores
1,Marcador Para Pizarron. Color Verde Claro.,EXPO,Arte y manualidades,,,,Marcadores
18,Marcador Permanente Fino. Color Negro.,A-INK,Arte y manualidades,15,,,Marcadores
7,Marcador Permanente Fino. Color Negro.,SHARPIE,Arte y manualidades,25,,,Marcadores
2,Marcador Permanente Doble Punta. Color Negro.,SHARPIE,Arte y manualidades,30,,,Marcadores
2,Marcador Permanente Fino. Color Rojo.,SHARPIE,Arte y manualidades,25,,,Marcadores
6,Marcador Permanente Fino. Color Azul.,SHARPIE,Arte y manualidades,25,,,Marcadores
11,Marcador Permanente Fino. Color Negro.,SGINAL,Arte y manualidades,,,,Marcadores
11,Marcador Permanente Doble Punta . Color Negro.,TWIN,Arte y manualidades,12,,,Marcadores
6,Marcador Permanente. Color Blanco.,FABER-CASTELLL,Arte y manualidades,45,,,Marcadores
3,Marcador Permanente. Fino. Color Blanco.,PILOT,Arte y manualidades,81,,,Marcadores
7,Rotulador Permanente Extra Fino. Color Dorado.,PILOT,Arte y manualidades,81,,,Rotuladores
2,Rotulador Permanente. Metalico. Color Dorado.,ARTLINE,Arte y manualidades,$,,,Rotuladores
4,Marcador Permanente Metalico. Color Plateado. Punta 2.3 mm.,ARTLINE,Arte y manualidades,76,,,Marcadores
7,RotuladorPermanente. Extra Fino. Color Negro.,PILOT,Arte y manualidades,81,,,Rotuladores
26,Marcador de Cera. Color Rojo.,A-INK,Arte y manualidades,20,,,Marcadores
44,Marcador de Cera. Color Blanco,,Arte y manualidades,20,,,Marcadores
13,Marcador de Cera. Color Negro,,Arte y manualidades,20,,,Marcadores
33,Marcador de Cera. Color Amarillo,,Arte y manualidades,20,,,Marcadores
18,Marcatexto. Color Naranja.,FABER-CASTELL,Oficina y escolares,15,,,Marcatextos
9,Marcatexto. Color Verde.,FABER-CASTELL,Oficina y escolares,15,,,Marcatextos
12,Marcatexto. Color Amarillo.,FABER-CASTELL,Oficina y escolares,15,,,Marcatextos
6,Marcatexto. Colo Rosa.,FABER-CASTELL,Oficina y escolares,15,,,Marcatextos
1,Marcatexto. Color Rosa.,A-INK,Oficina y escolares,15,,,Marcatextos
12,Marcatexto Jumbi 42. Color Amarillo.,FABER-CASTEÑÑ,Oficina y escolares,10,,,Marcatextos
21,Marcatexto Fino. Color Verde.,BACOFLASH,Oficina y escolares,15,,,Marcatextos
19,Lapiz Bicolor. Grande.,SMAARTY,Oficina y escolares,$,,,Lápices
26,Lapiz Bicolor. Jumbo.,SMARTY,Oficina y escolares,$,,,Lápices
35,Lapiz ECO Chequeo. Color Rojo.,FABER-CASTELL,Oficina y escolares,$,,,Lápices
3,Lpaiz Chuequeo.Color Rojo.,PAPER-MATE,Arte y manualidades,$,,,Colores
9,Lapiz. Color Verde.,PRISMACOLOR,Oficina y escolares,$,,,Lápices
8,Lapiz Duo.Triangular.,MAE,Oficina y escolares,$,,,Lápices
24,Gomas Para Borrar.,FABER-CASTELL,Oficina y escolares,5,,,Borradores
9,Borrador. Color Neon,,Oficina y escolares,4,,,Borradores
56,Borrador en Forma de Corazón con Calavera.,FABER-CASTELL,Oficina y escolares,5,,,Borradores
11,"Cuaderno de 200 Hojas. C7. ESTRELLA,",SCRIBE,Oficina y escolares,$,,,Cuadernos
4,Cuaderno de 200 Hojas.C5.,SCRIBE,Oficina y escolares,$,,,Cuadernos
5,"Cuaderno de 200 Hoja. Raya. Estrella ,",SCRIBE,Oficina y escolares,,,,Cuadernos
3,Cuaderno de 100 HojaS Doble Espiral. Raya.,U-PAK,Oficina y escolares,$,,,Cuadernos
12,Cuaderno 100 Hojas Doble Espiral. Raya.,JEANBOOK,Oficina y escolares,$,,,Cuadernos
11,Cuaderno 100 Hojas Doble Espiral. Raya.,NORMA,Oficina y escolares,$,,,Cuadernos
2,Cuaderno 100 Hojas Doble Espiral. Raya.,KIUT,Oficina y escolares,$,,,Cuadernos
2,Cuaderno 100 Hojas Doble Espiral.C5.,JEANBOOK,Oficina y escolares,$,,,Cuadernos
2,Cuadernos de 200 Hojas. Doble Espiral.Mixto.,SCRIBE,Oficina y escolares,,,,Cuadernos
4,Paq. Cuadeerno Profesional 160 Hojas. Doble Espiral Mixto +5 Marcadores Para Pizarron +3 Boligrafos Borrables + 10 Stickers.,JEANBOOK,Oficina y escolares,350,,,Cuadernos
5,Acuarela Escolar C/12 Colores +1 Pincel Brus.,PELIKAN,Arte y manualidades,39,,,Pintura
11,Acuarela C/12 Colores + Pincel. ,ARTIST PALETTE,Arte y manualidades,18,,,Pintura
3,Acuarelas C/10 Colores.Grande + Pincel. ,ARTIST PALETTE,Arte y manualidades,24,,,Pintura
4,Acuarela C/6 Colores +1 Pincel.,SMARTY,Arte y manualidades,15,,,Pintura
3,Acuarelas C/6 Colores +1 Pincel.,PELIKAN,Arte y manualidades,15,,,Pintura
5,Acuarelas C/12 Colores +1 Pincel.,SMARTY,Arte y manualidades,21,,,Pintura
1,Acuarela C/12 Colores +1 Pincel,PELIKAN,Arte y manualidades,22,,,Pintura
6,Acuarelas C/12 Colores +1 Pincel,VINCI,Arte y manualidades,21,,,Pintura
6,Acuarelas C/12 Colores + 1 Pincel.,BACO,Arte y manualidades,18,,,Pintura
7,Acuarelas C/16 Colores + 1 Pincel.,CRAYOLA,Arte y manualidades,111,,,Pintura
1,Acuarela C/12 Colores +1 Pincel.,SMARTY,Arte y manualidades,39,,,Pintura
1,BolsaCon Barras de Silicon. 7.4 mm x 250 mm. Para Pistola de Silicon de 1kg.,SAIRA,Miscelanea y regalos,$4pz,,,Silicon
23,Cinta Transparente Ancha C/150 m.,POLYCHEM,Oficina y escolares,130,,,Cintas
3,Cinta Ancha Transparente C/50 m.,JANEL,Oficina y escolares,27,,,Cintas
4,Cinta Canela C/50 m.,TUCK,Oficina y escolares,31,,,Cintas
3,Cinta Doble Cara,,Oficina y escolares,45,,,Cintas
1,Cinta Doble Cara. C/50m.,NAVITEK,Oficina y escolares,85,,,Cintas
2,Cinta Aislante de Vinilo .19 mm x 18 m.Para 600V.,TUK,Oficina y escolares,24,,,Cintas
2,Diccionario Verde. Diccionario Basico Lengua Española.,LAROUSSE,Oficina y escolares,150,,,Libros
3,Cuerpos Geometricos Fluorescente. 20 pz.,BOB,Oficina y escolares,65,,,Figuras Geometricas
1,Cuerpos Geometricos. 20 pz.,BOB,Oficina y escolares,65,,,Figuras Geometricas
3,Diccionario Azul. Diccionario Basico Escolar.,LAROUSSE,Oficina y escolares,81,,,Libros
1,1 Diccionario Rojo. Diccionario Basico Escolar.,LAROUSSE,Oficina y escolares,121,,,Libros
900,Pza. Broche Latonado Tipo Alemán. 9 Cajas. C/100 pza.,BARRILITO,Oficina y escolares,$,,,Sujetadores
300,Pza. Clip Cuadradito Inoxidable. 3 Cajas C/100pza .,BACO,Oficina y escolares,$,,,Sujetadores
100,Pza.Chinchetas Ultra Resistentes.,PELIKAN,Oficina y escolares,33,,,Sujetadores
59,Pza. Sujeta Papeles en Forma de Pinza.,NEW,Oficina y escolares,3,,,Sujetadores
10,Cajas. Tachuelitas . C/50 pza.,HANFANG,Oficina y escolares,10,,,Sujetadores
70,"Sujetador. 1"" (25mm).",ALIAMEX,Oficina y escolares,$,,,Sujetadores
60,"Sujetador. 3/4"" (19mm). 5 Cajas C/12pz.",ALIAMEX,Oficina y escolares,2,18,5,Sujetadores
47,"pza. Sujetadores Color Negro. 3/4""(19mm). ",BINDER CLIP,Arte y manualidades,2,,,Sujetadores
264,"pza. Sujetadores Color Negro. 3/4""(19mm). ",BARRILITO,Oficina y escolares,5,45,3,Sujetadores
39,"pza. Sujetadores Color Negro. 3/4""(19mm). ",BACO,Oficina y escolares,$,,,Sujetadores
28,"pza. Sujetadores Color Negro. 3/4""(19mm). ",MAE,Oficina y escolares,$,,,Sujetadores
